title,genre
the stone killer,Action
wrong turn 6,Horror
cowboy up,Western
l.a. apocalypse,Action
primal,Action
stolen,Action
heart of darkness,Adventure
kansas pacific ,Western
the well,Fantasy
the mask of zorro,Adventure
nadja,Horror
tremors,Horror
viper,Action
the shadow riders,Western
the gallows,Horror
tales of terror,Horror
panic in year zero!,Fantasy
feast,Action
red river,Western
cabin fever,Horror
carrie,Horror
finding ohana,Adventure
nocturne,Horror
boogeyman,Horror
the jurassic games,Action
montana belle,Western
zardoz,Fantasy
firetrap,Action
bloody birthday,Horror
the running man,Fantasy
fallout,Fantasy
the revengers,Western
vampire bats,Horror
ulzana's raid,Western
supernova,Fantasy
them!,Fantasy
evil never dies,Horror
the beast,Horror
samurai cop,Action
aftermath,Horror
the rig ,Action
chained for life,Horror
the red pony,Adventure
only,Fantasy
lethal weapon 4,Action
the three musketeers,Adventure
the grudge 2,Horror
the desperados,Western
the driver,Action
the santa clause 2,Fantasy
red sundown,Western
the terror,Horror
martian land,Action
descendants,Fantasy
mortuary,Horror
comes a horseman,Western
you can't win'em all,Adventure
precious find ,Fantasy
reprisal!,Western
willow,Fantasy
florida straits,Adventure
romancing the stone,Adventure
passage west,Western
ava,Action
scorcher,Action
fort vengeance,Adventure
death race 2050,Action
lone hand,Western
the four feathers,Adventure
swelter,Action
the marine 2,Action
pulse,Fantasy
the devil's tomb,Fantasy
pacific rim,Action
hard bounty,Western
cold harvest,Action
vice,Action
child's play,Horror
posse,Western
bulletproof,Action
jessabelle,Horror
black dawn,Action
the good old boys,Western
revenge of the ninja,Action
bend of the river,Western
nemesis 2: nebula,Fantasy
beau geste,Adventure
from beyond,Horror
the rawhide years,Western
project almanac,Fantasy
from noon till three,Western
end of watch,Action
mongolian death worm,Action
swamp shark,Horror
the bad batch,Fantasy
starman,Fantasy
instant justice,Action
the faculty,Horror
the black sleep,Horror
dog eat dog,Action
the damned thing,Horror
cerberus,Horror
ae: apocalypse earth,Action
the night flier,Horror
99 river street,Action
arabian nights,Adventure
'doc',Western
the new mutants,Fantasy
elysium,Fantasy
the golden compass,Fantasy
the terminators,Action
rings,Horror
repo man,Action
conagher,Western
critters 3,Horror
the specialist,Action
tex,Adventure
deja vu,Fantasy
a bucket of blood,Horror
lost continent,Fantasy
robocop,Fantasy
cyborg 2087,Fantasy
life on the line,Action
scream for help,Horror
valdez is coming,Western
gunmen,Action
kim,Adventure
ricochet,Action
the bay,Fantasy
the rats,Horror
fort yuma,Western
pink cadillac,Action
empire strikes back,Fantasy
trick or treat,Horror
the desperadoes,Western
arq,Fantasy
boss level,Action
skinned deep,Horror
ben,Horror
hoot,Adventure
session 9,Horror
the beastmaster,Fantasy
dallas,Western
bound to vengeance,Horror
transcendence,Fantasy
the demented,Horror
cariboo trail,Western
hell asylum,Horror
ma,Horror
army of the dead,Horror
gunsmoke,Western
savage sam,Western
vendetta,Action
midnight sun,Adventure
spring breakers,Adventure
dr. cyclops,Horror
tower heist,Action
breaking at the edge,Horror
tomorrowland,Fantasy
seattle superstorm,Action
disaster l.a.,Fantasy
kristy,Horror
transformations,Horror
rooster cogburn,Western
gladiator,Adventure
x-files the movie,Fantasy
offspring,Horror
the first purge,Action
the expendables 2,Action
hellgate,Western
high plains drifter,Western
fallen,Fantasy
the delta force,Action
6 underground,Action
hatchet iii,Horror
alien resurrection,Fantasy
anguish,Horror
z for zachariah,Fantasy
the open house,Horror
4got10,Action
hackers,Action
sink hole,Fantasy
the king's thief,Adventure
season of the witch,Adventure
freezer,Action
geronimo,Western
mother lode,Western
the jayhawkers!,Western
torque,Action
in time,Fantasy
neverland,Fantasy
the sign of zorro,Adventure
switchblade sisters,Action
django unchained,Western
sky riders,Adventure
house of the dead 2,Action
annihilation,Fantasy
the hand,Horror
10.5,Action
children of the corn,Horror
seminole uprising,Western
hangman's curse ,Horror
game of death,Action
bliss,Horror
defiance ,Action
scanner cop,Fantasy
deuces wild,Action
dr. giggles,Horror
vampire at midnight,Horror
the virginian,Western
jurassic world,Fantasy
the warrior's way,Action
the haunted,Horror
mission of danger,Adventure
project power,Fantasy
seventh cavalry,Western
the nevadan,Western
lionheart,Action
the deadly trackers,Western
bloodeaters,Horror
critical decision,Action
contagion,Action
pursuit of honor,Adventure
superfly,Action
free willy,Adventure
deliverance,Adventure
murder-set-pieces,Horror
the last rebel,Western
gargantua,Fantasy
the macomber affair,Adventure
planet of the sharks,Action
the three musketeers,Adventure
devil,Horror
the ring two,Horror
rock monster,Fantasy
millennium,Fantasy
bad channels,Fantasy
timbuktu,Adventure
hook,Fantasy
derailed,Action
s.s.s. snake,Horror
men in black iii,Action
lost souls,Horror
insanitarium,Horror
halloween ii ,Horror
love comes softly ,Western
the arrival,Fantasy
captain pirate,Adventure
star trek. nemesis,Fantasy
the war wagon,Western
the lie,Horror
den of thieves,Action
castle freak,Horror
the wrong man,Action
the congress,Fantasy
catacombs,Horror
buckskin,Western
reap the wild wind,Adventure
the witches,Fantasy
deep core,Fantasy
saddle tramp,Western
the dark red,Action
end of days,Action
killing season,Action
old gringo,Adventure
the host,Fantasy
bloodshot,Action
tape 407,Horror
unstoppable,Action
the rescue,Adventure
the bounty killer,Western
excision,Horror
air force one,Action
face of a fugitive,Western
the toybox,Action
canadian pacific,Western
renegades,Western
shaft,Action
lethal weapon 2,Action
gretel and hansel,Horror
the time shifters,Fantasy
son of frankenstein,Horror
bigfoot,Adventure
rattlesnake,Horror
the den,Horror
red state,Horror
satan's cheerleaders,Horror
the andromeda strain,Fantasy
cat's eye,Fantasy
supercroc ,Action
rage,Action
top of the world,Action
5 card stud,Western
honky tonk freeway,Action
lancer spy,Adventure
hard target,Action
against all flags,Adventure
the expendables 3,Action
wild bill,Western
northwest passage,Adventure
last knights,Action
escape from new york,Fantasy
it,Horror
rapa nui,Adventure
universal soldier,Action
hangman's knot,Western
kill bill: vol. 1,Action
futureworld,Fantasy
warlock,Horror
day of reckoning,Action
escape from l.a.,Fantasy
waco,Western
the purple mask,Adventure
the way west,Western
the bye bye man,Horror
hard to kill,Action
the evil that men do,Action
fallen,Horror
deadly blessing,Horror
the green inferno,Horror
annie oakley,Western
hondo,Western
the iroquis trail,Adventure
the river wild,Adventure
ride along 2,Action
mr. majestyk,Action
paycheck,Fantasy
when worlds collide,Fantasy
the darkest minds,Fantasy
the iron mask,Adventure
submerged,Action
big ass spider,Fantasy
out for justice,Action
dead rising: endgame,Horror
blind justice,Western
dead drop,Action
3:10 to yuma,Western
terminator: genisys,Fantasy
haunting,Horror
the last voyage,Action
little savages,Adventure
haywire,Action
teenage monster,Fantasy
the time travelers,Fantasy
grizzly falls,Adventure
rainbow,Fantasy
brooklyn's finest,Action
virtual storm,Fantasy
the lost city of z,Adventure
don quixote,Adventure
shark attack,Action
twelve monkeys,Fantasy
shallow ground,Horror
unfriended: dark web,Horror
american warships,Action
invasion force,Action
the babysitter,Horror
hansel and gretel,Fantasy
bereavement,Horror
kickboxer,Action
they live,Horror
desperado,Action
the proud ones,Western
jumanji,Fantasy
leprechaun,Horror
the millionaire tour,Action
freaks,Horror
showdown,Western
boogeyman 3,Horror
trail street,Western
new alcatraz,Action
harbinger down,Horror
malaya,Adventure
no way back,Action
a plumm summer,Adventure
darlin',Horror
trick 'r treat,Horror
rise of the zombies,Action
tamara,Horror
the night riders,Western
sahara,Adventure
flora & ulysses,Adventure
jeepers creepers iii,Horror
the lonely man,Western
alien origin,Horror
alien apocalypse,Action
in her line of fire ,Action
future world,Fantasy
singularity,Fantasy
the rounders,Western
the black hole,Fantasy
bridge of dragons,Action
city beneath the sea,Adventure
three texas steers,Western
ozark sharks,Action
mother's day,Horror
red 2,Action
the call of cthulhu,Fantasy
horns,Horror
devour,Horror
payback,Action
machine gun preacher,Action
invaders from mars,Fantasy
born in flames,Fantasy
walk the proud land,Western
gremlins,Fantasy
traitor,Action
friday the 13th,Horror
the unborn,Horror
cyborg cop 2,Action
demolition man,Fantasy
monster ark,Fantasy
message to garcia,Adventure
the hills have eyes,Horror
the midnight man,Horror
jaws the revenge,Adventure
corporate animals,Horror
night of the lepus,Fantasy
a day of fury,Western
fifty/fifty,Adventure
apache,Western
super 8,Fantasy
war,Action
russkies,Adventure
from dusk till dawn,Horror
bubba ho-tep,Horror
sleight,Action
the dead pit,Horror
right at your door,Fantasy
beneath loch ness,Adventure
my soul to take,Horror
hidalgo,Adventure
turistas,Horror
plymouth adventure,Adventure
edward scissorhands,Fantasy
your highness,Adventure
captain blood,Adventure
evil eyes,Horror
jason bourne,Action
the thompsons,Horror
cherry 2000,Fantasy
the prowler,Horror
bad dreams,Horror
the cutter,Action
solaris,Fantasy
bunraku,Action
the exterminator,Action
scar city,Action
scream 3,Horror
wichita,Western
stormageddon,Action
ender's game,Fantasy
alyce,Horror
whatever it takes,Action
the longhorns,Western
final descent,Action
cool world,Fantasy
the black watch,Adventure
day of the dead,Horror
warrior,Action
faster,Action
nowhere to run,Action
landslide,Adventure
the last starfighter,Fantasy
simon says,Horror
broken lance,Western
labou,Adventure
unknown island,Adventure
ambushed,Action
run for cover,Western
the owl,Action
the premature burial,Horror
it,Horror
robocop 2,Fantasy
remote control,Fantasy
the princess bride,Fantasy
quick,Action
3022,Fantasy
the lone ranger,Action
gamer,Action
deadlock,Adventure
extreme honor,Action
signs,Fantasy
a quiet place,Horror
tonka,Western
frankenstein,Horror
wild wild west,Fantasy
reprisal,Action
the spirit,Action
bad country,Action
national treasure,Adventure
pod,Horror
bedlam,Horror
the assassin,Action
martin,Horror
geronimo,Western
knightriders,Adventure
king kong,Adventure
altered,Horror
the cat in the hat,Fantasy
the hunter's prayer,Action
5 days of war,Action
crash point zero,Action
the hallelujah trail,Western
frank and jesse,Western
california conquest,Adventure
the last elephant,Adventure
the blob,Fantasy
operation dumbo drop,Adventure
the furies,Western
deranged,Horror
gun point,Western
twitches,Fantasy
dark eyes of london,Horror
born to the west,Western
surrogates ,Fantasy
super,Action
april fool's day,Horror
lone survivor,Action
immortals,Action
the craft,Fantasy
the gore gore girls,Horror
the satan bug,Fantasy
aces 'n' eights,Western
money train,Action
run of the arrow,Western
beau geste,Adventure
the virgin queen,Adventure
v/h/s,Horror
beauty and the beast,Fantasy
monolith,Fantasy
battle: los angeles,Action
the big trees,Western
lost horizon,Adventure
the mini-skirt mob,Action
the jackal,Action
duel in the sun,Western
the frozen dead,Horror
highway to hell,Horror
twister,Action
the postman,Western
blood feast,Horror
china seas,Adventure
bad ass,Action
challenge to lassie,Adventure
sucker punch,Action
american outlaws,Western
solstice,Horror
buffalo bill,Western
phantasm 2,Horror
white squall,Adventure
the emerald forest,Adventure
the magic of lassie,Adventure
demon knight,Horror
brenda starr,Adventure
videodrome,Horror
city of angels,Fantasy
pixels,Fantasy
gold,Adventure
needful things,Horror
commando,Action
this island earth,Fantasy
last shift,Horror
pursued,Western
jubal,Western
rio conchos,Western
hold your breath,Horror
the lost world,Adventure
a man called gannon,Western
thunder over arizona,Western
jack reacher,Action
crash!,Horror
communion,Fantasy
the mummy,Horror
anaconda,Adventure
san andreas quake,Action
convoy,Adventure
annabelle: creation,Horror
carson city,Western
open range,Western
benji the hunted,Adventure
the raid,Adventure
wyoming mail,Adventure
walking tall,Action
near dark,Horror
the time machine,Fantasy
bats: human harvest,Horror
knight & day ,Action
aliens,Fantasy
prince of darkness,Horror
navy seals,Action
the predator,Fantasy
the eye,Horror
assassination games,Action
a.i. assault,Action
hooper,Adventure
rush hour,Action
the golden blade,Adventure
the shadow effect,Action
the spoilers,Adventure
warm bodies,Horror
come play,Horror
shark night 3d,Horror
jeremiah johnson,Western
species iii,Horror
urban justice,Action
time after time,Fantasy
passion,Adventure
the andromeda strain,Fantasy
the wasp woman,Horror
cybernatural,Horror
five come back,Adventure
wolf,Horror
return to oz,Fantasy
roar,Adventure
the order,Action
bordello of blood,Horror
logan's run,Fantasy
gun belt,Western
bird on a wire,Action
the last hunt,Western
black river,Horror
foxy brown,Action
crossworlds,Fantasy
mowgli,Adventure
conquest of cochise,Western
final destination 5,Horror
winter's tale,Fantasy
montana,Western
maya,Adventure
roadracers,Action
santa fe stampede,Western
ww3,Action
glass trap,Action
subspecies,Horror
tom sawyer,Adventure
alpha,Action
lethal weapon 3,Action
colorado territory,Western
tom horn,Western
safe,Action
vera cruz,Western
freaky,Horror
robin hood,Adventure
deadly outbreak,Action
color out of space,Fantasy
killers from space,Fantasy
wings of the hawks,Adventure
knock on any door,Action
con air,Action
cold fusion,Action
deadly impact,Action
border river,Western
tango & cash,Action
bitch slap,Action
godmothered,Fantasy
in the shadows,Action
sniper: legacy,Action
the uninvited,Horror
wyatt earp,Western
blade: trinity,Action
big bad mama,Action
cat people,Horror
time trap,Fantasy
tobor the great,Fantasy
mysterious island,Adventure
pete's dragon,Fantasy
black patch,Western
scream 2,Horror
collateral damage,Action
the swarm,Action
autopsy of jane doe,Horror
mannequin,Fantasy
shenandoah,Western
bats,Horror
hawaii,Adventure
king of the pecos,Western
the peacekeeper,Action
island of the dead,Horror
murder party,Horror
3 bad men,Western
six black horses,Western
shoot out,Western
two came back,Adventure
bride of chucky,Horror
the archer,Action
julia,Horror
santee,Western
mr. billion,Action
nightmare cinema,Horror
under siege,Action
ghost in the machine,Horror
transformers,Action
storm war,Fantasy
year of the comet,Adventure
bride of the gorilla,Adventure
the missing,Western
sleepwalkers,Horror
hereditary,Horror
captain from castile,Adventure
taken heart,Action
odd thomas,Fantasy
the patriot,Action
cattle drive,Western
quantum apocalypse,Fantasy
beyond the stars,Adventure
max,Adventure
the invasion,Fantasy
escape from zahrain,Adventure
taras bulba,Adventure
house,Horror
galaxy quest,Fantasy
detention,Horror
the hills run red,Horror
rollover,Action
hazmat,Horror
the younger brothers,Western
best of the best 2,Action
man in the saddle,Western
dark avenger,Adventure
the getaway,Action
you'll find out,Horror
species,Horror
king solomon's mines,Adventure
the glory guys,Western
assault on dome 4,Fantasy
extinction,Fantasy
chill factor,Action
arrow in the dust,Western
the dentist,Horror
the last stand,Action
butcher boys,Horror
first kill,Action
last of the redmen,Adventure
sub zero,Action
trouble bound,Action
breakout,Action
blind fury,Action
street warrior,Action
monte walsh,Western
the cell,Fantasy
bionic ever after?,Fantasy
a night on the town,Adventure
dreamscape,Fantasy
three hours to kill,Western
titanic,Action
ghost town,Western
ice station zebra,Adventure
the old guard,Action
conan the barbarian,Action
cleopatra jones,Adventure
rope of sand,Adventure
truth or dare,Horror
possessed,Horror
eight legged freaks,Fantasy
the fog,Horror
one foot in hell,Western
hatchet ii,Action
a man alone,Western
cat people,Horror
new world disorder,Action
monsterwolf,Horror
fake-out,Action
ride clear of diablo,Western
riding shotgun,Western
tennessee's partner,Western
halloween 5,Horror
the wind,Horror
crash and burn,Action
dragonslayer,Fantasy
frankenstein,Horror
the food of the gods,Fantasy
the shadow,Fantasy
the brood,Horror
bird box,Fantasy
the bamboo saucer,Fantasy
tides of war,Action
saddle the wind,Western
salvage,Horror
prom night,Horror
frankenstein,Horror
the kingdom,Action
oblivion,Fantasy
halloween ii,Horror
growth,Horror
rolling thunder,Action
cyber-tracker 2,Action
conquest of space,Fantasy
drive,Action
black moon rising,Action
final destination,Horror
the last keepers,Fantasy
sitting bull,Western
misfire,Action
zombie nation,Horror
the lion,Adventure
back to the future,Fantasy
man without a star,Western
visions,Horror
honeydew,Horror
project eliminator,Action
the wolverine,Fantasy
ten who dared,Adventure
brainwaves,Horror
ladyhawke,Fantasy
chrome angels,Action
the last frontier,Western
the naked dawn,Adventure
the other wife,Horror
eyeborgs,Fantasy
man in the shadow?,Western
bounty killer,Action
the mark of zorro,Adventure
star wars,Fantasy
aladdin,Fantasy
ford v. ferrari,Action
the sea wolf,Adventure
lone rider,Western
see no evil 2,Horror
the deep,Adventure
tresure island,Adventure
the howling,Horror
column south,Western
prince charming,Fantasy
annabelle,Horror
critical mass,Action
ten wanted men,Western
the mighty ducks,Action
jurassic city,Action
sherlock holmes,Fantasy
like.share.follow.,Horror
wheelman,Action
double team,Action
hatari!,Adventure
jonah hex,Action
monstrosity,Horror
duel at diablo,Western
the lawless breed,Western
phantom of the opera,Horror
the signal,Horror
lucky lady,Adventure
cutthroat island,Adventure
octopus,Fantasy
dementia 13,Horror
2 guns,Action
young guns ii,Western
spaced invaders,Fantasy
the night watchmen,Horror
saskatchewan,Western
way of a gaucho,Adventure
suicide squad,Action
godzilla,Fantasy
johnny concho,Western
the phantom,Adventure
the mummy's hand,Horror
shelter,Horror
silverado,Western
bloodsport 2,Action
don't knock twice,Horror
the space children,Fantasy
run all night,Action
the eagle,Adventure
avengers grimm,Fantasy
the big hit,Action
three for the road,Action
turbulent skies,Action
the fog,Horror
whispering smith,Western
turtle diary,Adventure
the siege,Action
wish upon,Horror
mimic 2,Horror
rocketship x-m,Fantasy
jurassic park,Adventure
mysterious island,Fantasy
a christmas carol,Fantasy
sabotage,Action
anne of the indies,Adventure
breaking point,Action
decision at sundown,Western
cat ballou,Western
black dog,Action
evil dead,Horror
crazy murder,Horror
carnage park,Horror
supernova,Action
io,Fantasy
abduction,Action
shocker,Horror
hack!,Horror
rough riders,Action
saw iii,Horror
the expendables,Action
china o'brien,Action
komodo vs. cobra,Horror
boo,Horror
china gate,Action
predators,Action
the one,Fantasy
desert legion,Action
the collection,Horror
two-fisted tales,Horror
son of the dragon,Fantasy
smosh: the movie,Adventure
rampage,Adventure
lake placid,Adventure
the old ways,Horror
talons of the eagle,Action
dna,Fantasy
starship troopers,Fantasy
cover-up,Action
bicentennial man,Fantasy
the bourne legacy,Action
zorro the avenger,Adventure
they crawl,Horror
macabre,Horror
conan the barbarian,Fantasy
the hurricane heist,Action
the base ii,Action
children of the corn,Horror
vampire story,Horror
meteor storm,Action
frankenfish,Horror
bridge to terabithia,Fantasy
proud mary,Action
saturn 3,Fantasy
walker,Adventure
bumblebee,Fantasy
untamed frontier,Western
damien: omen ii,Horror
billy the kid,Western
eddie macon's run,Action
winchester '73,Western
robocroc,Horror
day of the badman,Western
friday the 13th,Horror
salem's lot,Horror
quantrill's raiders,Western
the violent kind,Horror
black rose,Adventure
2012: supernova,Action
fugitive rage,Action
nightflyers,Fantasy
bad samaritan,Horror
creek,Horror
conan the destroyer,Fantasy
the quiet ones,Horror
smith!,Western
fast five,Action
i am omega,Action
ring of death,Action
yankee pasha,Adventure
absolution,Action
the hidden 2,Fantasy
the monster squad,Fantasy
next,Fantasy
cult of chucky,Horror
death wish 3,Action
junior bonner,Western
along came jones,Adventure
nightmares,Horror
voyagers,Fantasy
frogs,Horror
gladiator,Action
tau,Fantasy
the texas rangers,Western
the abyss,Fantasy
heat,Adventure
the possession,Horror
the black cat,Horror
hostiles,Adventure
the shootist,Western
a wrinkle in time,Fantasy
below,Horror
apocalypse pompeii,Action
mimic,Horror
crank: high voltage,Action
the rundown,Action
four brothers,Action
bound by honor,Action
chicago overcoat,Action
galaxy of terror ,Action
breaking dawn,Horror
heart condition,Fantasy
heaven's gate,Western
hostel,Horror
a force of one,Action
dragon crusaders,Action
mojave,Action
island of lost souls,Horror
beastly,Fantasy
seraphim falls,Western
heist,Action
lone wolf mcquade,Action
the wolf man,Horror
strange lady in town,Western
the last wagon,Western
beneath,Horror
the devil bat,Horror
sniper 3,Action
white fury,Action
the gunfighter,Western
against the dark,Action
age of ice,Fantasy
mom and dad,Horror
waterhole # 3,Western
takers,Action
cradle 2 the grave,Action
white lightning,Action
jenifer,Horror
land raiders,Western
fluke,Adventure
pit stop,Action
white fang,Adventure
the hulk,Fantasy
bangkok dangerous ,Action
the black cat,Horror
the zero theorem,Fantasy
summer's blood,Horror
sharknado,Fantasy
badman's country,Western
american yakuza,Action
soldiers of fortune,Action
annabelle comes home,Horror
late phases,Horror
three violent people,Western
freaked,Horror
rosewood lane,Horror
the nesting,Horror
brake,Action
first blood,Action
young billy young,Western
ouija house,Horror
the omen,Horror
the last outpost,Western
double take,Action
after the sunset,Action
the island,Fantasy
cursed,Horror
the strangers,Horror
pin,Horror
gravity,Fantasy
aftershock,Horror
the mark of zorro,Adventure
return of the jedi,Fantasy
losin' it,Adventure
white water rebels,Adventure
time toys,Adventure
never back down 2,Action
android,Fantasy
crack in the world,Fantasy
ocean tribe,Adventure
lies & illusions,Action
wyatt earp's revenge,Western
firestarter,Fantasy
hostel: part ii,Horror
a breed apart,Adventure
the son of sheik,Adventure
gulliver's travels ,Fantasy
hellfighters,Adventure
soul survivors,Horror
the body snatcher,Horror
cloverfield,Action
dakota incident,Western
a walk in the woods,Adventure
the scarlet coat,Adventure
the corpse vanishes,Horror
the hallyday brand,Western
love finds a home,Western
medicine man,Adventure
speak no evil,Horror
tales from the crypt,Horror
miami supercops,Adventure
hour of the gun,Western
alien tornado,Fantasy
quiet cool,Action
geronimo,Western
strange days,Fantasy
far from home,Adventure
fort utah,Western
speed racer,Action
black belt,Action
two for texas,Western
news of the world,Western
world in his arms,Adventure
arthur's quest,Adventure
half past dead 2 ,Action
power rangers,Action
sudden death,Action
intruder,Horror
the rendezvous,Action
i am wrath,Action
the burrowers,Horror
mac and me,Fantasy
sinister,Horror
the innkeepers,Horror
street trash,Horror
rush,Action
nobody,Action
bullet to the head,Action
the night walker,Horror
quarantine,Horror
the giant claw,Fantasy
prison,Horror
flesh and blood,Adventure
dirty little billy,Western
the 5th wave,Fantasy
jack goes home,Horror
neon city,Fantasy
a time for killing,Western
bad girls,Western
miami magma,Action
teenage caveman,Fantasy
courage under fire,Adventure
pursuit to algiers,Adventure
squirm,Horror
teenage cave man,Fantasy
kangaroo,Adventure
hush,Horror
happy birthday to me,Horror
echo boomers,Action
wargames,Fantasy
terror birds,Horror
blacula,Horror
wonder woman 1984,Action
chain of command,Action
winterhawk,Western
rosebud,Adventure
peppermint,Action
encounter,Fantasy
zombie night,Horror
the mountain men,Western
the equalizer,Action
gunfighter,Western
hollow point,Action
vamp,Horror
sleepless night,Action
hellraiser: inferno,Horror
the lonely trail,Western
urgency,Action
sergeants 3,Western
deep star six,Fantasy
prince valiant,Adventure
one tough bastard,Action
enter the ninja,Adventure
wonder woman,Action
tourist trap,Horror
need for speed,Action
killing gunther,Action
nightmare 3,Horror
johnny dark,Action
damnation alley,Fantasy
super tanker,Action
the terminal man,Fantasy
the roommate,Horror
yellowstone kelly,Western
fanboys,Adventure
death wish,Action
treasure island,Adventure
the ward,Horror
extreme days,Action
jesse james,Western
the african queen,Adventure
3 ninjas,Action
trilogia del terrore,Horror
villa rides,Adventure
open grave,Horror
trader horn,Adventure
dead season,Horror
g-force ,Fantasy
three godfathers,Western
a man called horse,Adventure
scream 4,Horror
dead ant,Horror
rosemary's baby,Horror
iceman,Fantasy
courage,Adventure
st. ives,Action
7 witches,Horror
the power of few,Action
o.p. center,Adventure
blade runner 2049,Fantasy
godzilla,Fantasy
stonados,Fantasy
out for blood,Action
synchronic,Horror
kronos,Fantasy
the appaloosa,Western
nevada smith,Western
courage of lassie,Adventure
bad company,Western
today you die,Action
badman's territory,Western
ready player one,Fantasy
s.h.e.,Adventure
the maze,Horror
charlie's angels,Action
return to paradise,Adventure
dead silence,Horror
final impact,Action
shutter,Horror
apocalypto,Adventure
night of the comet,Fantasy
malevolent,Horror
under siege ii,Action
tales of halloween,Horror
the naked spur,Western
gulag,Adventure
el condor,Western
el diablo,Western
tha man from laramie,Western
jonathan,Fantasy
jarhead 3: the siege,Action
fever lake,Horror
the last boyscout,Action
crossing point,Action
clownhouse,Horror
the burning dead,Horror
the saint,Action
generation x,Action
becky,Horror
witchblade,Action
the vikings,Adventure
bandido,Western
the barrens,Horror
the darkness,Horror
"good cop, bad cop",Action
premium rush,Action
piraña 2,Horror
rio bravo,Western
pony soldier,Western
lake placid 2,Horror
life of pi,Adventure
cut throat city,Action
these thousands hill,Western
on wings of eagles,Action
timeline,Adventure
the last dragon,Action
lovely molly,Horror
the train robbers,Western
the hard man,Western
city of ember,Fantasy
campfire tales,Horror
catch .44,Action
nightlight,Horror
ghostbusters,Fantasy
10.0 earthquake,Action
secondhand lions,Adventure
the wild north,Adventure
carnival of souls ,Horror
hatchet,Horror
scream,Horror
age of the dragons,Fantasy
dracula untold,Fantasy
frankenstein - 1970,Horror
the thing,Fantasy
tarzan and his mate,Adventure
ride a crooked trail,Western
american made,Action
boa vs. python,Fantasy
super cyclone,Action
escape room,Horror
broken arrow,Action
the shooter,Action
tears of the sun,Action
holidays,Horror
halloween,Horror
gunman's walk,Western
reeker,Horror
charley varrick,Action
candyman,Horror
apache drums,Western
code red,Horror
cam,Horror
gemini man,Action
san andreas,Action
invasion roswell,Action
meltdown,Action
gunsmoke in tucson,Action
master of the world,Fantasy
the mad love,Horror
21 jump street,Action
the mummy's tomb,Horror
the mcmasters,Western
country,Adventure
the double,Action
hydra,Fantasy
brahms: the boy ii,Horror
gunga din,Adventure
tarzan's peril,Adventure
troll,Fantasy
the great war,Action
carrie,Horror
the forgotten,Horror
jericho fever,Action
forever amber,Adventure
the baytown outlws,Action
color me blood red,Horror
goosebumps,Adventure
the belko experiment,Action
date with an angel,Fantasy
never cry wolf,Adventure
nazi overlord,Horror
tron legacy,Fantasy
you're next,Horror
face to face,Adventure
second nature,Action
the jack bull,Western
the stalking moon,Western
dark star,Fantasy
contact,Fantasy
the final wish,Horror
pinocchio's revenge,Horror
angel town,Action
blue thunder,Action
pelts,Horror
the legend of tarzan,Action
the devil's rain,Horror
timerider,Fantasy
ocean's thirteen,Action
the reaping,Horror
gulliver's travel,Fantasy
westworld,Fantasy
quick change,Action
k 2,Adventure
underworld evolution,Fantasy
python,Horror
rob roy,Adventure
prairie fever ,Western
the werewolf,Fantasy
militia,Action
the endless,Horror
far and away,Adventure
primeval,Horror
the commuter,Action
schizoid,Action
american sniper,Action
what dreams may come,Fantasy
satanic,Horror
the island,Adventure
dark angel,Action
teen wolf,Action
drive angry 3d,Action
the skeptic,Horror
the marksman,Action
the grey,Action
fear street: 1994,Horror
embryo,Fantasy
f6 twister,Action
the bravados,Western
blood frenzy,Horror
favela,Action
the hard easy,Action
body cam,Horror
three young texans,Western
all is lost,Action
greenland,Action
men of war,Action
lost treasure,Action
the tingler,Horror
casanova,Adventure
the dark half,Horror
thinner,Horror
simon sez,Action
red faction: origins,Fantasy
fighting back,Action
the last outlaw,Western
chains of gold,Action
brimstone,Western
strange invaders,Fantasy
serenity,Fantasy
jaws 3,Adventure
red river range,Western
sea devils,Adventure
absolute deception,Action
preservation,Horror
top dog,Action
bird of paradise,Adventure
star trek,Fantasy
the wild bunch,Western
deep impact,Action
the book of eli ,Action
the shu,Action
fast & furious 7,Action
alien 3,Fantasy
s.w.a.t,Action
gutshot straight,Action
burnt offerings,Horror
the undefeated,Western
the hunters,Adventure
1br,Horror
the exorcist iii,Horror
dark water,Horror
galgameth,Adventure
the glass shadow,Fantasy
operator,Action
deathlands ,Action
madhouse,Horror
altered states,Fantasy
hero wanted,Action
last of the dogmen,Action
the raiders,Western
artemis fowl,Fantasy
sinners and saints,Action
blood alley,Adventure
the walking hills,Adventure
black box,Horror
the package,Action
cat chaser,Action
underwater!,Adventure
stay,Horror
forty guns,Western
terrordactyl,Action
legion,Horror
mercy,Horror
amusement,Horror
landspeed,Action
the scalphunters,Western
august underground,Horror
final approach,Action
bad boys for life,Action
doctor sleep,Horror
hitman: agent 47,Action
12 rounds,Action
bedeviled,Horror
hellbound,Action
the blob,Fantasy
white witch doctor,Adventure
underworld awakening,Action
home,Horror
furnace,Horror
man's best friend,Horror
critters,Horror
into the night,Action
the president's man,Action
the time machine,Fantasy
the kentuckian,Western
the next man,Adventure
white zombies,Horror
bad ass 2: bad asses,Action
the paradise virus,Action
the vatican tapes,Horror
sierra baron,Western
fear street: 1978,Horror
catlow,Western
pony express,Western
the borrower,Horror
proximity,Fantasy
the alamo,Western
tom thumb,Fantasy
dragonheart,Fantasy
the maze runner,Fantasy
the illustrated man,Fantasy
hercules reborn,Action
king cobra,Horror
thursday,Action
one hundred rifles,Adventure
dracula's daughter,Horror
the plainsman,Western
max payne,Action
white feather,Western
clash of the titans,Adventure
texas rangers,Western
cheyenne,Western
charro!,Western
superfly,Action
the omen,Horror
synchronicity,Fantasy
the covenant,Horror
chuka,Western
interrogation,Action
zits,Adventure
one little indian,Adventure
gray lady down,Adventure
river of no return,Adventure
cast a long shadow,Western
shakedown,Action
saw iv,Horror
war drums,Western
turbulence,Action
coin heist,Action
congo,Adventure
the lost world,Adventure
eruption: la,Action
the phantom planet,Fantasy
christopher robin,Adventure
slaughterhouse-five,Fantasy
wings of the apache,Action
let's get harry,Adventure
revolt,Fantasy
replicas,Fantasy
prime evil,Horror
the wild country,Western
blood out,Action
wind,Adventure
rescue me,Action
ride along,Action
the prince,Action
death wish,Action
exit wounds,Action
a good man,Action
hard ground ,Western
passe from hell,Western
the hunger,Horror
motocross kids,Action
the far horizons,Western
the lost world,Adventure
blood diamond,Adventure
robocop,Fantasy
security,Action
lost signal,Horror
wanted,Action
beautiful creatures,Fantasy
bethany,Horror
crazed,Horror
diamondbacks,Action
proof of life,Action
evolver,Fantasy
man of the west,Western
p2,Horror
society,Horror
star wars,Fantasy
man or gun,Western
the outriders,Western
rush hour 3,Action
crash landing,Action
the mod squad,Action
exists,Horror
earth vs. the spider,Fantasy
in old california,Adventure
wanda nevada,Adventure
the 6th day,Fantasy
gringo,Action
will penny,Western
oldboy,Action
realms,Horror
lion strike,Action
the manitou,Horror
west of the pecos,Western
tom and huck,Adventure
avatar,Fantasy
hearthquake,Action
against the sun,Adventure
blue heat,Action
fast & furious 6,Action
predator,Action
the goonies,Adventure
child's play 2,Horror
knockaround guys,Action
the blue bird,Adventure
geostorm,Action
babylon 5,Fantasy
happy death day,Horror
american ultra,Action
showdown at abilene,Western
the shooting,Western
child's play,Horror
monster problems,Fantasy
400 days,Fantasy
shockwave,Action
flipper,Adventure
white water summer,Adventure
jupiter ascending,Fantasy
blade runner,Fantasy
dark night,Horror
7 mummies,Horror
everly,Action
tumbleweed,Western
battlestar galactica,Fantasy
shooter,Action
the 13th warrior,Adventure
the remaining,Horror
sphere,Fantasy
zigzag,Action
empire ,Action
purgatory,Western
thunder in the east,Adventure
excessive force,Action
cat run,Action
the rum diary,Adventure
hollywood homicide,Action
the toolbox murders,Horror
bomb city,Action
brightburn,Horror
mcq,Action
2012 doomsday,Action
project viper,Fantasy
when time ran out,Action
the ouija experiment,Horror
i am legend,Fantasy
the swordsman,Action
the return,Fantasy
huckleberry finn,Adventure
abilene town,Western
the forest,Horror
bottom feeder,Horror
daylight,Action
meteor,Fantasy
midnighters,Horror
malignant,Horror
6 bullets,Action
night passage,Western
the cimarron kid,Western
dream cruise,Horror
stagecoach,Western
ghost town,Horror
gone in 60 seconds,Action
cell,Action
the domestics,Fantasy
the unnamable,Horror
tron,Fantasy
the mosquito coast,Adventure
resolution,Horror
blood and bone,Action
enchanted,Fantasy
the hit list,Action
the day,Fantasy
the bounty hunter,Western
super eruption,Fantasy
child's play 3,Horror
the spanish main,Adventure
shark week,Action
love's long journey ,Western
xxx,Action
springfield rifle,Western
princess of thieves,Adventure
final examination,Horror
twilight,Fantasy
santa fe trail,Western
time cop,Fantasy
priest,Horror
into the blue,Action
the curse,Horror
pillars of the sky,Western
hammer of the gods,Action
men in black ii,Fantasy
antebellum,Horror
terrifier,Horror
raton pass,Western
the guardian,Action
dragon eyes,Action
the mist,Horror
independence day,Fantasy
fighting caravans,Western
no one lives,Horror
fear street: 1666,Horror
the box,Fantasy
the midnight hour,Horror
the matrix reloaded,Fantasy
mission to mars,Fantasy
the outlaw,Western
el dorado,Western
totem,Horror
sator,Horror
stasis,Fantasy
unstoppable ,Action
r.i.p.d.,Action
last action hero,Fantasy
day the world ended,Fantasy
command performance,Action
high noon,Western
arkansas,Action
kong: skull island,Action
dawn of the dead,Horror
curse of chucky,Horror
end of a gun,Action
captains courageous,Adventure
killjoy,Horror
the vault,Horror
somewhere in time,Fantasy
colt .45,Western
fantasy island,Horror
the visit,Horror
tiger claws,Action
hercules in new york,Fantasy
jurassic park iii,Adventure
the devil's candy,Horror
savaged,Horror
smiley,Horror
devil winds,Action
fuzz,Adventure
fled,Action
flying virus,Fantasy
flight to mars,Fantasy
durango kids,Western
flash gordon,Fantasy
video kid,Adventure
fearless frank,Fantasy
evil dead 2,Horror
all hallows' eve,Horror
hell camp,Adventure
rollerball,Fantasy
black christmas,Horror
metal tornado,Fantasy
clash of the empires,Fantasy
thrashin',Action
the kid,Western
the foreigner,Action
blue crush,Action
oklahoma!,Western
the exorcist,Horror
first strike,Action
doctor dolittle,Fantasy
nico the unicorn,Fantasy
die hard,Action
dolly dearest,Horror
hidden agenda,Action
shoot 'em up,Action
alvarez kelly,Western
the gypsy moths,Adventure
cross,Action
impostor,Fantasy
mighty joe young,Adventure
2012,Action
once a thief,Action
the terminator,Fantasy
the lazarus effect,Horror
"count yorga, vampire",Horror
isolation,Action
swiss army man,Adventure
carnosaur,Horror
thx 1138,Fantasy
scarlet angel,Adventure
shaft in africa,Adventure
john carter,Fantasy
target earth,Fantasy
son of fury,Adventure
buchanan rides alone,Western
a dead calling,Horror
creature,Fantasy
hercules,Adventure
yellowbrickroad,Horror
valley of the kings,Adventure
little big man,Western
southland tales,Fantasy
cosmic sin,Fantasy
insidious: chapter 2,Horror
crawlspace,Horror
star in the dust,Adventure
among the shadows,Horror
toy soldiers,Action
train,Horror
the mummy,Adventure
2 fast 2 furious,Action
king solomon's mines,Adventure
orgy of the dead,Fantasy
31,Horror
the unholy,Horror
wicked blood,Action
man with the gun,Western
ghost rider,Action
the confession,Action
switchblade sisters,Action
the professionals,Western
the tomorrow war,Fantasy
blood beach,Horror
the last mimzy,Fantasy
conspiracy,Action
catwoman,Fantasy
the mephisto waltz,Horror
extreme prejudice,Action
drum beat,Western
the spring,Fantasy
road to denver,Western
toolbox murders,Horror
miss bala,Action
waterworld,Fantasy
piranha 3dd,Horror
arrowhead,Western
monte walsh,Western
tall in the saddle,Western
horizons west,Western
arizona raiders,Western
the call of the wild,Adventure
captains corageous,Adventure
the last command,Western
awake,Fantasy
the hunting party,Western
time lapse,Fantasy
4d man,Fantasy
deadly bet,Action
gunslinger,Western
the rage: carrie 2,Horror
equilibrium,Fantasy
minority report,Fantasy
silver bullet,Horror
the challenge,Adventure
crazy horse,Western
forest warrior,Action
a lust to kill,Western
pandemic,Action
the maverick queen,Western
bad biology,Horror
"war, inc.",Action
dead in tombstone,Action
living hell,Fantasy
beneath the dark,Horror
nico the unicorn,Fantasy
vibes,Adventure
rogues gallery,Action
machete kills,Action
bone tomahawk,Horror
for heaven's sake,Fantasy
creature,Horror
rim of the world,Adventure
highlander: endgame,Action
freejack,Fantasy
the americano,Western
run for the sun,Adventure
mortuary,Horror
seed of chucky,Horror
airplane vs volcano,Action
species ii,Horror
how the west was won,Western
#screamers,Horror
the shape of water,Fantasy
the killer elite,Action
virtuosity,Fantasy
call of the wild,Adventure
tomahawk,Western
2307: winter's dream,Fantasy
firewalker,Adventure
tarzan goes to india,Adventure
the keep,Horror
abstraction,Action
the iron horse,Western
the newton boys,Western
gattaca,Fantasy
divergent,Fantasy
steel dawn,Fantasy
die hard 2,Action
the head,Horror
the woman,Horror
inner sanctum 2,Horror
grayeagle,Adventure
mulan,Adventure
wilder napalm,Fantasy
crocodile,Horror
s.w.a.t.: firefight,Action
tarzan in manhattan,Adventure
virginia city,Western
soldier blue,Western
rapid exchange,Action
independents' day,Action
dracula iii. legacy,Horror
south of st. louis,Western
tarzan's savage fury,Adventure
family blood,Horror
poltergeist iii,Horror
mutiny,Adventure
the signal,Fantasy
a wrinkle in time,Adventure
shadowchaser,Fantasy
game of death,Horror
frailty,Horror
three musketeers,Adventure
rogue warfare,Action
hostel: part iii,Horror
crimson peak,Horror
eve of destruction,Fantasy
fingerprints,Horror
into the sun,Action
battledogs,Action
best of the badmen,Western
the boy,Horror
legend of the lost,Adventure
follow the river,Adventure
zoom,Adventure
young fury,Western
dead night,Horror
ambush,Western
lord of illusions,Horror
el gringo,Action
rabbits,Fantasy
bingo,Adventure
seven women,Western
the cell 2,Horror
the lawless nineties,Western
into the badlands,Adventure
gale force,Adventure
warbirds,Adventure
king kong,Adventure
ninja,Action
hell ride,Action
the real glory,Action
bullfighter,Western
snitch,Action
a dog's way home,Adventure
backmask,Horror
the half-breed,Western
almost an angel,Fantasy
point break,Action
fast getaway,Action
age of tomorrow,Action
force of execution,Action
fear of flying,Action
joe kidd,Western
warrior angels,Action
hideous!,Horror
short circuit,Fantasy
the funhouse,Horror
constantine,Horror
the apparition,Horror
airborne,Adventure
call of the wild ,Adventure
the wrath of god,Adventure
the westerner,Western
bulletproof,Action
event horizon,Fantasy
the car,Horror
non-stop,Action
canyon passage,Western
meek's cutoff,Western
american ninja v,Action
evil dead,Horror
town tamer,Western
dracula,Horror
abandoned dead,Horror
fort ti,Adventure
backwoods,Horror
fast & furious 9,Action
bullet for a badman,Western
malone,Action
the meg,Action
see you yesterday,Fantasy
the darkling,Horror
deep waters,Adventure
stick,Action
the lost boys,Horror
the exile,Adventure
raw edge,Western
québec,Adventure
ticking clock,Action
the bandit queen,Adventure
southbound,Horror
silent running,Fantasy
outlaws and angels,Horror
tribute to a bad man,Western
dead men walk,Horror
the forsaken,Horror
cobra woman,Adventure
amazing stories,Fantasy
cabin fever,Horror
10th & wolf,Action
warlock,Western
to catch a king,Adventure
more dead than alive,Western
breakheart pass,Western
johnny reno,Western
beetlejuice,Fantasy
suburban commando,Fantasy
killing them softly,Action
billy the kid,Western
transit,Action
jolt,Action
invisible man,Fantasy
without warning,Fantasy
war of the worlds,Fantasy
bubble boy,Adventure
the power within,Action
pocket money,Western
cellar dweller,Horror
android cop,Action
captain kidd,Adventure
the tracker,Western
twixt,Horror
evil toons,Horror
bengal brigade,Adventure
belle starr,Western
passengers,Fantasy
the octagon,Action
the fly ii,Fantasy
oculus,Horror
appaloosa,Western
ella enchanted,Fantasy
the abcs of death,Horror
ice sharks,Action
deadly friend,Horror
crying freeman,Action
tip on a dead jockey,Adventure
megafault ,Action
days of thunder,Action
true grit,Western
demon seed,Fantasy
chopping mall,Action
arena,Action
shane,Western
the yellow mountain,Western
leprechaun 2,Horror
the black swan,Adventure
fallen,Fantasy
willy's wonderland,Horror
certain fury,Action
pale rider,Western
storm,Action
april rain,Action
insidious: chapter 3,Horror
the hunted,Action
the big land,Western
martial law,Action
dinosaurus!,Adventure
phantoms,Horror
endangered species,Fantasy
ride the man down,Western
the gun runners,Adventure
son of lassie,Adventure
missing in action,Adventure
dracula 2000,Horror
kim,Adventure
delirium,Horror
the lawless range,Western
the number one girl,Action
face/off,Action
tank girl,Fantasy
demon knight,Horror
it comes at night,Horror
surviving the game,Action
beauty and the beast,Fantasy
firecreek,Western
mission of justice,Action
airport,Action
the debt collector,Action
fright night,Horror
hollow man,Fantasy
kill chain,Action
crawlspace,Horror
demolition high,Action
legionnaire,Action
sworn to justice,Action
omega doom,Fantasy
deadly swarm,Horror
vfw,Action
robinson crusoe,Adventure
moby dick,Adventure
"walker, texas ranger",Action
allegheny uprising,Adventure
westward the women,Western
tin man,Adventure
the hunter,Adventure
the outsider,Action
hard justice,Action
area 51,Horror
the gentlemen,Action
i drink your blood,Horror
the vigil,Horror
lawman,Western
the tracker,Action
the matrix,Fantasy
hellboy,Fantasy
final destination 3,Horror
chain reaction,Adventure
piraña,Horror
selfless,Fantasy
monster!,Horror
13 sins,Horror
lights out,Horror
a knight's tale,Adventure
wild justice,Action
far country,Western
dead birds,Horror
bandolero!,Western
211,Action
the danger zone,Action
the fly,Horror
"ride, vaquero",Western
goin' south,Western
the last sunset,Western
four faces west,Western
pulse,Horror
eli,Horror
finders keepers,Horror
atomic twister,Action
sounds like,Horror
the thief of bagdad,Adventure
dumbo,Fantasy
the indian fighter,Western
reminiscence,Fantasy
elephant white,Action
kill switch,Action
succubus: hell-bent,Horror
the guardian,Horror
rock island trail,Western
born to raise hell,Action
trading paint,Action
"taza, son of cochise",Western
apache rifles,Western
last woman on earth,Horror
age of dinosaurs,Fantasy
the hanging tree,Western
the omega code,Fantasy
rambo iii,Action
fool's gold,Adventure
the black room,Horror
moon of the wolf,Horror
joshua,Horror
red tomahawk,Western
timestalkers,Fantasy
she,Fantasy
seconds,Fantasy
sidekicks,Action
three from hell,Horror
martial outlaw,Action
the last hard men,Western
tokarev,Action
krocodylus,Horror
new frontier,Western
slender man,Horror
apache uprising,Western
cutaway,Action
powder,Fantasy
countdown,Horror
midnight chronicles,Action
vengeance valley,Western
hollow man ii ,Action
eliminators,Action
nightwing,Horror
only the valiant,Western
san antonio,Western
rampage,Action
the hired hand,Western
the thirteenth floor,Horror
the stuff,Horror
el mariachi,Action
space cowboys,Fantasy
deadwood - the movie,Western
hurricane,Action
testament,Action
insidious,Horror
night of the creeps,Horror
nim's island,Adventure
stay alive,Horror
ivanhoe,Adventure
circus world,Adventure
stagecoach,Western
robot monster,Fantasy
sniper 2,Action
house of dracula,Horror
dances with wolves,Western
land of the lost,Adventure
redemption,Action
the hole ,Horror
the karate kid iii,Action
bite the bullett,Western
stone cold,Action
old yeller,Adventure
cocoon,Fantasy
the scorpion king,Adventure
the tall t,Western
the darkest hour,Action
the aurora encounter,Fantasy
the atomic submarine,Fantasy
death machine,Fantasy
fort dobbs,Western
willard,Horror
found,Horror
alien raiders,Horror
invisible invaders,Fantasy
eye of the tiger,Action
jeeper creepers 2,Horror
billy two hats,Western
red heat,Action
deer woman,Horror
24: redemption,Action
the human race,Horror
minutemen ,Adventure
explorers,Fantasy
a thunder of drums,Western
invaders from mars,Fantasy
poltergeist,Horror
sinister 2,Horror
ticker,Action
the losers,Action
the intruder within,Horror
riot,Action
v: the final battle,Fantasy
haunted,Horror
the blue lagoon,Adventure
grand prix,Action
chisum,Western
sweepers,Action
22 jump street,Action
panic in the skies!,Action
outside the wire,Action
dakota,Western
godzilla vs. kong,Fantasy
the restless breed,Western
hickok,Western
christine,Horror
station west,Western
true grit ,Western
death tunnel,Horror
escape room,Horror
federal protection,Action
union pacific,Western
code name: vengeance,Action
the horror show,Horror
windwalker,Western
the mangler,Horror
impact earth,Action
the three musketeers,Adventure
100 million bc,Action
a far off place,Adventure
the wolf man,Horror
moby dick,Adventure
sleepy hollow,Horror
habit,Horror
invitation to hell,Horror
the texican,Western
the mummy returns,Adventure
mr. jones,Horror
frankenstein unbound,Horror
we are still here,Horror
cattle empire,Western
quintet,Fantasy
epoch,Fantasy
trilogy of terror ii,Horror
the left-handed gun,Western
ghosthunters,Horror
chips,Action
cimarron,Western
dance of the dead,Horror
wild rovers,Western
never say die,Action
dark relic,Fantasy
the old dark house,Horror
run for the money,Action
the ambushers,Adventure
some kind of hate,Horror
wolfen,Fantasy
ouija,Horror
gleaming the cube,Adventure
phase iv,Fantasy
old henry,Western
the martian,Fantasy
descendants 2,Fantasy
top gun,Action
rancho notorius,Western
the brotherhood,Horror
annihilation earth,Action
dawn at socorro,Western
path of destruction,Action
starcrossed,Fantasy
day of the evil gun,Western
phantasm: ravager,Fantasy
after earth,Fantasy
before i wake,Horror
face of terror,Action
destry rides again,Western
skyline,Fantasy
pawn shop chronicles,Action
princess caraboo,Adventure
sundown,Horror
puncture wounds,Action
beauty and the beast,Fantasy
big jake,Western
devil's doorway,Western
agoraphobia,Horror
circle of iron      ,Fantasy
omar khayyam,Adventure
double bang,Action
dead heat,Horror
the breaking point,Adventure
gorillas in the mist,Adventure
the ravagers,Adventure
catacombs,Horror
europa report,Fantasy
dead awake,Horror
ice cream man,Horror
behind enemy lines,Action
drag me to hell,Horror
arrival,Fantasy
the lawnmower man,Fantasy
underwater,Fantasy
the avenging angel,Western
class of 1999,Fantasy
barb wire,Action
final destination 2,Horror
maniac cop 2,Horror
2010,Fantasy
captive state,Fantasy
to love and die,Action
chato's land,Western
westbound,Western
the big circus,Adventure
so red the rose,Adventure
world without end,Fantasy
plunder of the sun,Adventure
north shore,Adventure
demonic toys,Horror
x-men: apocalypse,Fantasy
super mario bros,Adventure
from within,Horror
camino,Action
jubilee trail,Western
love and a .45,Action
rocky mountain,Western
house of wax,Horror
seakiller,Adventure
american samurai,Action
the haunted palace,Horror
innocent blood,Horror
the black castle,Horror
paranormal activity,Horror
the ewok adventure,Fantasy
lost river,Fantasy
the horsemen,Adventure
death race 2000,Fantasy
gold of seven saints,Adventure
final score,Action
destination moon,Fantasy
oregon passage,Western
the reunion,Action
mcbain,Action
screamers,Fantasy
kickboxer 5,Action
alien: covenant,Fantasy
rage and honor,Action
the legend of zorro,Adventure
sorority row,Horror
jane got a gun,Western
diary of the dead ,Horror
beyond the law,Action
dune,Fantasy
cold zone,Action
yellowbeard,Adventure
the klansman,Action
the proud rebel,Western
xx,Horror
terror house,Horror
three kings,Adventure
deep in the darkness,Horror
the stunt man,Action
driven,Action
dreamcatcher,Fantasy
laserblast,Fantasy
cowboys & aliens,Action
aquaman,Fantasy
pagemaster,Fantasy
the space between us,Fantasy
branded,Western
it's alive!,Horror
the child,Horror
messiah of evil,Horror
a-x-l,Fantasy
the suicide squad,Action
the base,Action
freerunner,Action
the tin star,Western
hud,Western
double dragon,Action
gacy,Horror
dead trigger,Action
the philly kid,Action
fast & furious,Action
the last gangster,Action
family,Horror
red sun rising,Action
riddick,Action
the hamiltons,Horror
polar storm ,Action
the rage,Action
nothing left to fear,Horror
creep 2,Horror
carrie,Horror
scaramouche,Adventure
captain lightfoot,Adventure
christmas bounty,Action
tarzan finds a son!,Adventure
western union,Western
milo,Horror
excalibur,Fantasy
fender bender,Horror
the horse soldiers,Western
enemy mine,Fantasy
the purge,Fantasy
airport '77,Action
legion,Fantasy
don't blink,Horror
the giver,Fantasy
3:10 to yuma,Western
red sands ,Horror
the alamo,Western
the howling: reborn,Horror
fury of the dragon,Action
stealth fighter,Action
kull the conqueror,Fantasy
trapper county,Action
bernie the dolphin,Adventure
the sheepman,Western
bushwick,Action
stigmata,Horror
the comancheros,Western
peter pan,Adventure
out for blood,Horror
valerie,Western
strangeland,Horror
the walking dead,Horror
morgan,Fantasy
urban legend,Horror
hell's half acre,Action
the aviator,Adventure
silver river,Adventure
wyoming outlaw,Western
accidental switch,Action
the evictors,Horror
volcano,Action
2012: ice age,Action
fighting mad,Action
deep rising,Action
fort massacre,Western
dodge city,Western
jug face,Horror
the saint,Adventure
halloween,Horror
major dundee,Western
act of valor,Action
bliss,Fantasy
out for a kill,Action
camera obscura,Horror
wrath of the titans,Action
mail order bride,Western
casper,Fantasy
code of honor,Action
the equalizer 2,Action
backlash,Western
pathfinder,Action
martin,Horror
band of robbers,Adventure
dead man,Western
don't kill it,Fantasy
ring of fire,Fantasy
pumpkinhead,Horror
beowulf,Fantasy
a deadly obsession,Action
inferno,Fantasy
yankee buccaneer,Adventure
night of the ghouls,Horror
sindbad the sailor,Adventure
the tall stranger,Western
black dynamite,Action
eloise,Horror
forever mosketeers,Adventure
mayhem,Action
riot,Action
maximum risk,Action
fortress,Fantasy
rage at dawn,Western
earth to echo,Fantasy
2 lava 2 lantula!,Horror
it: chapter two,Horror
prometheus,Fantasy
v/h/s: viral,Horror
raw deal,Action
rio lobo,Western
between worlds,Action
cliffhanger,Action
the banshee chapter,Horror
nightwatch,Horror
the last airbender ,Fantasy
stranded,Action
this means war,Action
song of the south,Adventure
back in business,Action
halloween,Horror
a good night to die,Action
red river,Western
hell on the border,Action
a lawless street,Western
rogue river,Horror
army of darkness,Horror
kidnapped,Adventure
the big trail,Adventure
robot jox,Fantasy
icebreaker,Action
lassie,Adventure
rio grande,Western
the mummy,Action
bet your life,Action
killers,Action
d. a. r. y. l.,Fantasy
coffy,Action
the craft: legacy,Horror
love and a bullet,Action
maniac,Horror
son of dracula,Horror
the court jester,Adventure
double impact,Action
swamp thing,Horror
innerspace,Fantasy
blood diner,Horror
black eagle,Action
vigilante,Action
land of the pharaohs,Adventure
the rock,Action
the long riders,Western
chained,Horror
black forest,Horror
first knight,Adventure
they,Horror
olympus has fallen,Action
tarantula,Fantasy
nemesis,Fantasy
planet terror,Horror
skyrunners,Fantasy
lost in space,Fantasy
spacecamp,Fantasy
snakes on a train,Action
hombre,Western
mercenaries,Action
savage dog,Action
mean guns,Action
unforgiven,Western
mackenna's gold,Western
the unforgiven,Western
jackals,Horror
the land unknown,Fantasy
frankenstein,Horror
traded,Western
heebie jeebies,Horror
in old oklahoma,Western
joy ride 3,Horror
trooper hook,Western
the claim,Western
sergeant rutledge,Western
seminole,Western
halo: nightfall,Fantasy
final round,Action
gone in 60 seconds,Action
hard target 2,Action
47 ronin,Action
the night house,Horror
wind river,Adventure
steel,Adventure
the hunted,Action
indigenous,Horror
drango,Western
knightrider 2000,Adventure
leprechaun 3,Horror
hard kill,Action
the hills have eyes,Horror
grey owl,Adventure
the strangler,Horror
project x,Fantasy
rampart,Action
chernobyl diaries,Horror
tusk,Horror
masterminds,Action
prime cut,Action
the tall men,Western
wishmaster,Horror
12 rounds: reloaded,Action
c.h.u.d.,Horror
dirty dingus magee,Western
mulberry street,Horror
bullwhip,Western
montana,Western
heaven with a gun,Western
alien nation,Fantasy
blade,Action
countdown,Action
american kickboxer,Action
journey to shiloh,Western
asher,Action
the sea chase,Adventure
a man apart,Action
ramrod            ,Western
predator 2,Fantasy
shogun,Adventure
thir13en ghosts,Horror
the viking sagas,Adventure
attila,Adventure
blood on the arrow,Western
alice in wonderland,Fantasy
"walker, texas ranger",Action
if you believe,Fantasy
intruders,Fantasy
they rode west,Western
soldier of fortune,Adventure
speed,Action
animal,Horror
the 27th day,Fantasy
atlantic rim,Action
darklight,Fantasy
santiago,Adventure
deep blue sea 2,Action
the condemned,Action
hard rain,Action
saw ii,Horror
hidden,Horror
cannon for cordoba,Western
the marauders,Western
the war lord,Adventure
the stand,Adventure
flaming star,Western
the cowboys,Western
on deadly ground,Adventure
the unhealer,Fantasy
comanche,Western
the magic sword,Fantasy
"sabrina, down under",Fantasy
jason x,Horror
u.s. seals ii,Action
bad trip,Action
fire down below,Adventure
she,Adventure
five weeks in ballon,Adventure
empire state,Action
poltergeist,Horror
my friend flicka,Adventure
zombeavers,Horror
cybertech p.d.,Action
dolls,Horror
street knight,Action
lost horizon,Adventure
skyscraper,Action
buried alive ,Horror
hills of home,Adventure
wildlike,Adventure
dead man's burden,Western
the pathfinder,Adventure
on the road,Adventure
creepshow 2,Horror
two flags west,Western
high risk,Adventure
planet of dinosaurs,Fantasy
hell bent,Western
absentia,Horror
the savage,Western
red sonja,Fantasy
witchboard,Horror
silver lode,Western
robin hood,Adventure
swordfish,Action
the wicked,Horror
river runs red,Action
vampires vs. zombies,Horror
destry,Western
posse,Western
comanche territory,Western
beast of burden,Action
distant drums,Western
clown,Horror
green dolphin street,Adventure
martyrs,Horror
pet sematary,Horror
operation rogue,Action
clockstoppers,Fantasy
airspeed,Action
the crow,Fantasy
time freak,Fantasy
yoga hosers,Horror
zombie strippers,Horror
13 ghosts,Horror
the outrage,Western
blast,Action
shock waves,Horror
aeon flux,Fantasy
el paso,Western
sabretooth,Adventure
progeny,Horror
long distance,Horror
descendants 3,Fantasy
the hard corps,Action
the river's edge,Adventure
poseidon,Action
atomic shark,Action
angel has fallen,Action
the perfection,Horror
night angel,Horror
the hidden,Fantasy
a dangerous man,Action
wild women,Western
the wretched,Horror
five guns west,Western
freeze frame,Action
deadpool 2,Action
honest thief,Action
overland telegraph,Western
free fall,Action
cabin boy,Adventure
rollerball,Action
straight shooting,Western
king kong lives,Adventure
the left hand of god,Adventure
never back down,Action
stranded,Fantasy
saint francis,Horror
joshua tree,Action
day of the outlaw,Western
call of the wild,Adventure
white house down,Action
cross 2,Action
evolution,Fantasy
sxtape,Horror
garden of evil,Western
johnny 2.0,Fantasy
fatal instinct,Action
escape from absolom,Fantasy
hero and the terror,Action
the hateful eight,Western
ghost in the shell,Action
dead man down,Action
fire down below,Action
howards of virginia,Adventure
jamaica run,Adventure
stretch,Action
armed response,Action
cybertracker,Action
the lost world,Adventure
black horse canyon,Western
race with the devil,Action
"i, robot",Fantasy
cattle king,Western
knock off,Action
machete,Action
souls at sea,Adventure
firefox,Action
lavalantula,Horror
mr. stitch,Horror
eight below,Adventure
shakma,Horror
pan,Fantasy
congo crossing,Adventure
spectral,Fantasy
togo,Adventure
dark angel,Action
lake placid 3,Horror
bad boys,Action
ice spiders,Horror
the searchers,Western
kiwi safari,Adventure
fahrenheit 451 ,Fantasy
gun glory,Western
life like,Fantasy
red scorpion,Action
the sea hawk,Adventure
texas lady,Western
men in black,Fantasy
1408,Horror
triassic attack,Horror
escapee,Horror
desperate trail,Western
bowery at midnight,Horror
lovers lane,Horror
flaming feather,Western
running free,Adventure
firestorm,Adventure
the undead,Horror
tall man riding,Western
battleship,Action
zulu dawn,Adventure
assault on a queen,Adventure
altitude,Action
bright,Action
fright night part 2,Horror
the dark tower,Fantasy
the believers,Horror
knowing,Fantasy
cracker jack,Action
the jungle book,Adventure
christy: the movie,Adventure
tarzan escapes,Adventure
homefront,Action
pet sematary,Horror
uncivilized,Action
kill'em all,Action
fly away home,Adventure
unhinged,Action
air,Fantasy
hit and run,Action
global effect,Action
avenging force,Action
don't breathe,Horror
night of the warrior,Action
the v word,Horror
guinevere,Adventure
the lone star,Western
the spikes gang,Western
lapsis,Fantasy
the monkey's paw,Horror
the final countdown,Fantasy
drácula,Horror
chappie,Fantasy
planet of the apes,Fantasy
the marine,Action
the punisher,Action
the ballad of josie,Western
delete,Fantasy
the other,Horror
the black pirate,Adventure
robocop 3,Fantasy
here alone,Horror
halloween kills,Horror
the harvest,Horror
con express,Action
red garters,Western
pistol whipped,Action
donnie darko,Fantasy
eve of destruction,Fantasy
solarbabies,Fantasy
overlord,Horror
venomous,Action
pentathlon,Adventure
mortal kombat,Adventure
dante's peak,Action
assassin's bullet,Action
many rivers to cross,Western
empire of the ants,Horror
the rare breed,Western
my little chickadee,Western
soylent green,Fantasy
good guys wear black,Action
the spoilers,Adventure
disturbing behaviour,Horror
the net 2.0,Action
redhead from wyoming,Western
grand isle,Action
victor crowley,Horror
aces: iron eagle iii,Action
contagion,Action
collision course,Action
at sword's point,Adventure
night of the demons,Horror
blood on the moon,Western
the son of kong,Fantasy
kill switch,Fantasy
the woods,Horror
king kong,Adventure
disturbing the peace,Action
the stairs,Horror
blue demon,Horror
cahill u. s. marshal,Western
autopsy,Horror
death hunt,Adventure
the art of war,Action
critters attack!,Horror
judge dredd,Fantasy
cowboy,Western
fortress 2: re-entry,Fantasy
swashbuckler,Adventure
mission of justice,Action
four for texas,Western
pressure,Action
tornado!,Action
nomads,Horror
chocolate,Horror
kid rodelo,Western
midnight man,Action
the 2nd,Action
headspace,Horror
crystal skulls,Fantasy
looper,Action
street justice,Action
the whip hand,Fantasy
ride lonesome,Western
"arise, my love",Adventure
sideshow,Horror
fort apache,Western
phantasm,Fantasy
willow creek,Horror
the veil,Horror
battlefield earth,Fantasy
bucking broadway,Western
tracers,Action
kansas,Adventure
kickboxer: vengeance,Action
the blue bird,Fantasy
mockingbird,Horror
red,Action
the gun hawk,Western
the marksman,Action
valentine,Horror
last rites,Horror
the forbidden planet,Fantasy
genghis khan,Adventure
we can be heroes,Fantasy
house iv,Horror
the prophecy ii,Horror
gun,Action
the plan,Action
it follows,Horror
the greasy strangler,Horror
fire on the amazon,Adventure
the hangman,Western
parasomnia,Horror
the big sky,Western
the exorcist,Horror
thunder in paradise,Adventure
grandma's house,Horror
the tall texan,Western
ninja assassin,Action
my science project,Fantasy
saving flora,Adventure
jumping ship,Adventure
cyborg,Fantasy
the warriors,Action
the storm,Action
mark of the vampire,Horror
eraser,Action
splinter,Horror
mercenary,Action
the leopard man,Horror
armageddon,Fantasy
relic,Horror
alaska,Adventure
jack frost,Fantasy
not of this earth,Fantasy
broken arrow,Western
last man standing,Action
mercury plains,Action
midsommar,Horror
to die for,Horror
transformation,Fantasy
mile 22,Action
strait-jacket,Horror
bloodsport,Action
vanish,Action
hang 'em high,Western
war pigs,Action
fall time,Action
king jack,Adventure
dark command,Western
"lassie, come home!",Adventure
breaker! breaker!,Action
point blank,Action
gun fury,Western
the crimson pirate,Adventure
the deadly mantis,Fantasy
outlander,Fantasy
perfect weapon,Action
unconquered,Adventure
john wick 2,Action
haunt,Horror
evil eye,Horror
the black stallion,Adventure
the three outlaws,Western
the deerslayer,Western
outcast,Western
yellow sky,Western
the wild angels,Action
desolation canyon,Western
gunfight in abilene,Western
runaway,Fantasy
ticks,Horror
gambler from natchez,Adventure
freddy vs. jason,Horror
magic in the water,Fantasy
the boogeyman,Horror
bullet,Action
the night crew,Action
bride of the monster,Horror
shark attack 2,Action
the conjuring,Horror
maniac cop,Horror
madron,Western
adam & evil,Horror
bulletproof monk,Action
hello again,Fantasy
mohawk,Western
assassination,Action
the nun,Horror
passenger 57,Action
moonfleet,Adventure
body snatchers,Fantasy
delta force 3,Action
acts of violence,Action
joe dakota,Western
alita: battle angel,Fantasy
air america,Adventure
maiden voyage,Action
trucks,Horror
sand serpents ,Action
arizona bushwhackers,Western
candyman,Horror
chain of command,Action
the visitation,Horror
labyrinth,Fantasy
spell,Horror
the brothers bloom,Adventure
planet of the apes,Fantasy
the puppet masters,Fantasy
the toxic avenger,Action
one-eyed jacks,Western
hell fest,Horror
wendigo,Horror
the tripper,Horror
city beneath the sea,Adventure
something evil,Horror
the wraith,Action
from hell to texas,Western
wing commander,Fantasy
the light touch,Adventure
foxfire,Western
critters 4,Horror
war arrow,Western
the homesman,Western
boogeyman 2,Horror
ride with the devil,Western
watusi,Adventure
marooned,Fantasy
resurrection,Fantasy
homicidal,Horror
spawn,Fantasy
ring of fire ii,Action
tomb raider,Action
life,Fantasy
bad boys ii,Action
in god's hands,Adventure
maleficent,Fantasy
sister sister,Horror
tombstone,Western
wagon master,Western
blade runner,Fantasy
edge of tomorrow,Fantasy
death race,Action
dolemite,Action
undercurrent,Action
bermuda tentacles,Action
the new daughter,Horror
street fighter,Action
empire strike back,Adventure
hunger,Horror
deep blue sea 3,Horror
little monsters,Horror
gog,Fantasy
braid,Horror
insidious: chapter 4,Horror
second chance,Adventure
frontier rangers,Western
comanche station,Western
starry eyes,Horror
night of the wild,Horror
rapid fire,Action
pet sematary 2,Horror
the road killers,Action
love's abiding joy ,Western
when the legends die,Western
love takes wing,Western
iron eagle,Adventure
the finest hour,Action
the kitchen,Action
star trek beyond,Fantasy
the plainsman,Western
seven cities of gold,Adventure
the devil inside,Horror
dead & buried,Horror
escape plan,Action
love me tender,Western
the way of war,Action
savages,Action
virus,Fantasy
small soldiers,Fantasy
frenchie,Western
rose hill,Western
hired to kill,Action
mr. sardonicus,Horror
the raven,Horror
wicked little things,Horror
the oklahoma kid,Western
iron will,Adventure
re-animator,Horror
the buccaneer,Adventure
thunder in the sun,Western
amityville 3-d,Horror
capricorn one,Fantasy
wer,Horror
friendly persuasion,Western
alien abduction,Horror
two rode together,Western
alligator people,Horror
diplomatic siege,Action
starflight one,Adventure
the virginian,Western
the rocketeer,Adventure
chief crazy horse,Western
cinderella,Fantasy
seven men from now,Western
treasure island,Adventure
bending the rules,Action
diary of a madman,Horror
the devil doll,Horror
the real mccoy,Action
trauma center,Action
a gunfight,Western
green fire,Adventure
corona zombies,Horror
the kid from texas,Western
freelancers,Action
the a-team,Action
dawn of the dead,Horror
young guns,Western
satellite in the sky,Fantasy
prophecy,Adventure
the command,Western
see no evil,Horror
air collision,Action
rose of cimarron,Western
wagons east,Western
cheyenne autumn,Western
arctic predator,Action
man from del rio,Western
the violent men,Western
the ox-bow incident,Western
killing streets,Adventure
moondance alexander,Adventure
the bounty hunter,Action
the assent,Horror
maximum overdrive,Horror
devil's due,Horror
the mechanic,Action
frequency,Fantasy
silent warnings,Horror
carnival of souls,Horror
close range,Action
the courier,Action
ink,Action
the white buffalo,Adventure
sleepaway camp,Horror
lust for gold,Western
mimic: sentinel ,Horror
mirrors 2,Horror
the keeper,Action
alien,Fantasy
the glimmer man,Action
the final conflict,Horror
re-animator 2,Horror
the covered wagon,Western
meteor apocalypse,Adventure
real steel,Action
california passage,Western
new frontier,Western
the ministers ,Action
10.5: apocalypse,Action
mega piranha,Action
gods of egypt,Adventure
tough enough,Action
i spit on your grave,Horror
best of the best,Action
satan's sadists,Action
a distant trumpet,Western
crawl,Horror
the monster,Horror
total recall,Fantasy
the washingtonians,Horror
romeo must die,Action
american muscle,Action
sam whiskey,Western
the buccaneer,Adventure
cherry falls,Horror
lethal weapon,Action
crossfire trail,Western
star trek: voyager,Fantasy
living & dying,Action
monster trucks,Action
tarzan - the ape man,Adventure
mars attacks!,Fantasy
angel and the badman,Western
sharpshooter ,Action
vertical limit,Action
976-evil,Horror
"tarzan, the ape man",Adventure
the dentist 2,Horror
airline disaster,Action
death trap,Horror
jungle cruise,Adventure
lady in the water,Fantasy
s.darko,Horror
tidal wave no escape,Fantasy
wild in the street,Fantasy
jumper,Fantasy
lionheart,Adventure
armstrong,Action
zarkorr! the invader,Fantasy
one in the chamber,Action
bad milo,Horror
stealth,Action
stake land,Horror
space warriors,Adventure
setup,Action
warcraft,Fantasy
the towering inferno,Action
tumbleweeds,Western
the fiercest heart,Adventure
happy death day 2u,Horror
fort worth,Western
the missouri breaks,Western
the recall,Fantasy
solo,Action
copper canyon,Adventure
air rage,Action
"oh, susanna!",Western
the cursed,Horror
siege at red river,Western
maximum conviction,Action
the villain,Western
the empty man,Horror
the dunwich horror,Horror
fantastic voyage,Fantasy
the last push,Fantasy
i am number four ,Fantasy
guns of diablo,Western
40 days and nights,Fantasy
ultraviolet,Fantasy
van helsing,Action
panic,Action
mclintock!,Western
the dinosaur hunter,Adventure
chaos walking,Fantasy
the forever purge,Horror
the burning hills,Western
barquero!,Western
"i, madman",Horror
alien predator,Fantasy
gun brothers,Western
haunt,Horror
the omega man,Fantasy
underclassman,Action
the spiral road,Adventure
the sand pebbles,Adventure
the adderall diaries,Action
return of jedi,Fantasy
tonight she comes,Horror
undisputed,Action
the badlanders,Western
replicant,Action
ladder 49,Action
bug,Fantasy
surf ninjas,Adventure
creepshow,Horror
barely lethal,Action
the big country,Western
forced vengeance,Action
dracula's guest,Adventure
antibirth,Horror
the ape man,Horror
the strange door,Horror
mirrors,Horror
evilspeak,Horror
kill bill: vol. 2,Action
things heard & seen,Horror
hurricane smith,Adventure
picture mommy dead,Horror
raise the titanic!,Adventure
snakes on a plane,Action
the fabulous texan,Western
warning sign,Action
boy on a dolphin,Adventure
leatherface,Horror
desert hawk,Adventure
